Title,URL,Desc,Price
Giant Color-Morphing Stress Ball,https://www.vat19.com/item/giant-color-morphing-stress-ball,A rubbery toy that changes colors as you squeeze it!,US$19.99
" In Stock""",,,
Nightball Basketball,https://www.vat19.com/item/nightball-light-up-basketball,Inflatable ball with motion-activated LEDs.,US$24.99
" In Stock""",,,
Zax,https://www.vat19.com/item/zax-axe-throwing-toy,A foam throwing axe that can stick to almost anything.,US$12.99
" In Stock""",,,
Ollyball,https://www.vat19.com/item/ollyball,Play ball inside the house without breaking anything!,US$14.99
"Sold Out (More Dec. 13)""",,,
Avocado Squishable,https://www.vat19.com/item/squishable-avocado-stuffed-animal,"Super-sized, super-soft plush produce.",US$7.99 to US$44.99
" In Stock""",,,
Sheet Storm TP Blaster,https://www.vat19.com/item/sheet-storm-toilet-paper-blaster-toy,Shoot rapid-fire spitballs of toilet paper!,US$39.99
" In Stock""",,,
Crunchy Snow Stress Ball,https://www.vat19.com/item/crunchy-snow-stress-ball,Stress ball that feels and sounds like crunching through fresh snow.,US$4.99
" In Stock""",,,
Mini Inflatable Tube Guy,https://www.vat19.com/item/mini-wacky-waving-inflatable-tube-guy,A desktop version of the popular advertising device.,US$12.99
" In Stock""",,,
The Not-a-Cat Cat,https://www.vat19.com/item/not-a-cat-cat-the-cat-that-isnt,The World's First Cat That Isn't.,US$19.99
" In Stock""",,,
X-Zylo Flying Gyroscopes,https://www.vat19.com/item/x-zylo-flying-gyroscopes-ultra-air-rider,Amazing flying rings can be thrown over 600 feet!,US$9.99
"Sold Out""",,,
Feisty Pets,https://www.vat19.com/item/feisty-pets,Stuffed animals that change from awwww to ahhhhh!,US$9.99 to US$19.99
" In Stock""",,,
Rubber Band Shotgun,https://www.vat19.com/item/bandit-guns-pump-action-semi-automatic-rubber-band-gun,Pump-action rubber band shotgun with 10-shot capacity.,US$3.50 to US$32.99
" In Stock""",,,
Floof,https://www.vat19.com/item/floof-indoor-snowball-maker,Fantastically fluffy molding material!,US$19.99
"Sold Out (More Dec. 13)""",,,
Giant Inflatable Soccer Ball,https://www.vat19.com/item/giant-inflatable-soccer-ball,A gigantic six-foot diameter blow-up soccer ball.,US$59.99
" In Stock""",,,
Remote Control Toy Forklift,https://www.vat19.com/item/remote-control-toy-forklift,"Fully functional toy forklift with pallets, crates, boxes, and a shelf.",US$39.99
" In Stock""",,,
Mad Mattr,https://www.vat19.com/item/mad-mattr-play-dough,Super-soft stuff that’s fun to squeeze and stretch.,US$9.99 to US$13.99
" In Stock""",,,
Blobfish Plush,https://www.vat19.com/item/blobfish-plush-stuffed-animals,Ugly-cute super-soft stuffed animal.,US$16.99 to US$39.99
" In Stock""",,,
Rubber Band Pistol,https://www.vat19.com/item/diy-rubber-band-pistol,Make your own compact semi-auto rubber band gun.,US$3.49 to US$14.99
" In Stock""",,,
Plush Cheesy Puffs,https://www.vat19.com/item/plush-cheesy-puffs-plush,Giant stuffed bag of cute plush cheese snacks.,US$59.99
" In Stock""",,,
Tiny Arcade Games,https://www.vat19.com/item/tiny-arcade-games-frogger-pac-man-space-invaders,Fully-playable arcade cabinets just inches tall!,US$22.99
" In Stock""",,,
Mix 'n Match Plush Toys,https://www.vat19.com/item/chimeras-stuffed-animals,A pair of high-quality rearrangeable plush animals.,US$39.99
"Sold Out (More Dec. 13)""",,,
Makey Makey,https://www.vat19.com/item/makey-makey,Make everyday objects do amazing things.,US$49.99
" In Stock""",,,
Air Swimmers,https://www.vat19.com/item/air-swimmers-remote-control-flying-fish,Amazing R/C Flying Fish with 360-degree control.,US$39.99
" In Stock""",,,
AirFort,https://www.vat19.com/item/airfort-inflatable-fort,Build an inflatable fort in seconds.,US$54.99
" In Stock""",,,
Q-BA-Maze 2.0,https://www.vat19.com/item/q-ba-maze-marble-maze-construction-set,Amazing marble run construction cubes.,US$79.99 to US$124.99
" In Stock""",,,
Magnatab Magnetic Tablet,https://www.vat19.com/item/magnatab-magnetic-tablet-stylus,Draw freely using 361 magnetic spheres.,US$24.99
" In Stock""",,,
Office Ninja Indoor Blowgun Set,https://www.vat19.com/item/office-ninja-indoor-blowgun-set,A blowgun set with a target.,US$5.99 to US$19.99
" In Stock""",,,
DIY Eraser Kit,https://www.vat19.com/item/make-your-own-erasers-kit,Make your own pencil erasers!,US$12.99
" In Stock""",,,
Lick-a-Bubble,https://www.vat19.com/item/lick-a-bubble-edible-bubbles,Create your own bubble snacks!,US$8.99 to US$11.99
" In Stock""",,,
Piranha Plant Puppet,https://www.vat19.com/item/piranha-plant-puppet,Super Mario hand puppet plant with a taste for plumbers.,US$25.99
" In Stock""",,,
Heated Sloth Plush,https://www.vat19.com/item/heated-sloth-plush,A soft plush toy with a microwavable pouch for warmth.,US$25.99
"Sold Out""",,,
Purrito,https://www.vat19.com/item/purrito,A cozy plush kitten that comes wrapped like a burrito.,US$15.99
"Sold Out""",,,
World's Smallest Super Soaker,https://www.vat19.com/item/worlds-smallest-super-soaker,Pocket-sized water pistol shaped like a Super Soaker.,US$6.99
" In Stock""",,,
Mini Polaroid Keychain,https://www.vat19.com/item/worlds-coolest-mini-polaroid-keychain,A tiny keychain styled after the classic Polaroid instant camera.,US$5.99
"Sold Out""",,,
Otamatone,https://www.vat19.com/item/otamatone,Wacky and weird electronic musical instrument.,US$22.50
,,,
Tetris Micro Arcade,https://www.vat19.com/item/tetris-micro-arcade,The classic puzzle game in tiny handheld form.,US$22.99
" In Stock""",,,
Bluetooth Micro Blimp,https://www.vat19.com/item/bluetooth-nano-mini-blimp-remote-control,Turn a balloon into a phone-operated blimp.,US$49.99
" In Stock""",,,
Q-Man Mini Flexible Magnets,https://www.vat19.com/item/q-man-mini-flexible-magnets,Pliable figures with magnetic hands and feet.,US$3.99
" In Stock""",,,
Wild West Shooting Set,https://www.vat19.com/item/wild-west-shooting-set,An infrared firing range that shoots targets into the air!,US$39.99
"Sold Out""",,,
Metal Works Models,https://www.vat19.com/item/metal-works-laser-cut-3d-models,Assemble miniature 3D models from laser cut metal sheets.,US$6.99 to US$9.99
" In Stock""",,,
Vat19 Qubes,https://www.vat19.com/item/vat19-qubes,Six-sided water beads for squishing and more!,US$6.99
" In Stock""",,,
Stratolauncher IV,https://www.vat19.com/item/stratolauncher-iv-water-rocket,Water rocket launcher shoots bottles up to 350 feet!,US$59.99
"Sold Out""",,,
Flowtonia,https://www.vat19.com/item/orb-flowtonia,Plaything that flows from solid to fluid in seconds!,US$5.99
" In Stock""",,,
Stikball,https://www.vat19.com/item/stikball-sticky-baseball-toy,"Soft, sticky ""ball"" clings to almost any surface.",US$6.99 to US$15.99
"Sold Out""",,,
Spitballs,https://www.vat19.com/item/spitballs-50-g-pack,Amazing water-balls grow up to 200 times their original size.,US$9.99
" In Stock""",,,
World's Smallest Glo Worm,https://www.vat19.com/item/worlds-smallest-glo-worm,A tiny replica of the ‘80s doll that really glows!,US$6.99
" In Stock""",,,
World's Smallest Magic 8 Ball,https://www.vat19.com/item/worlds-smallest-magic-8-ball,Fully functional petite prognosticating pool ball.,US$6.99
" In Stock""",,,
Toroflux Toy,https://www.vat19.com/item/toroflux-stainless-steel-toy,A slinky-like toy made from a single band of metal.,US$14.99
" In Stock""",,,
Marshmallow Extreme Blaster,https://www.vat19.com/item/marshmallow-extreme-blaster-toy,Shoot marshmallows up to 40 feet!,US$16.99
" In Stock""",,,
Document Dunk,https://www.vat19.com/item/document-dunk-trashcan-basketball-hoop,Throw away your paper like an all-star.,US$19.99
" In Stock""",,,
Parashoot,https://www.vat19.com/item/parashoot,A ball-launching toy with self-opening parachute inside!,US$14.99
"Sold Out""",,,
Goo-Jit-Zu Action Figures,https://www.vat19.com/item/heroes-of-goo-jit-zu-action-figures,"Action figures you can stretch, squish, and more!",US$9.99 to US$10.99
,,,
iPhone R/C Microcar,https://www.vat19.com/item/iphone-remote-control-microcar,Remote-controlled miniature car for your iOS or Android device.,US$69.99
"Sold Out (More Dec. 13)""",,,
Tabletop Billiard Mini Golf,https://www.vat19.com/item/tabletop-billiard-mini-golf,Play mini golf with pool cues on your table!,US$32.99
" In Stock""",,,
Roller Coaster Challenge,https://www.vat19.com/item/roller-coaster-challenge,Amusement park themed thinking game.,US$29.99
"Sold Out (More Dec. 17)""",,,
Capture the Flag Redux,https://www.vat19.com/item/capture-the-flag-redux-night-glowing,Play glow in the dark capture the flag!,US$59.99
" In Stock""",,,
World's Smallest Lincoln Logs,https://www.vat19.com/item/worlds-smallest-lincoln-logs,Tiny frontier-inspired construction set.,US$7.99
" In Stock""",,,
World's Smallest Lite Brite,https://www.vat19.com/item/worlds-smallest-lite-brite,A tiny version of the classic toy that really works!,US$7.99
" In Stock""",,,
Q-Man Translucent Magnets,https://www.vat19.com/item/q-man-translucent-mini-flexible-magnets,Bendable figures with magnetic hands and feet.,US$3.99
" In Stock""",,,
Squishables Stuffed Animals,https://www.vat19.com/item/squishables-stuffed-animals,Giant round stuffed animals perfect for hugging.,US$37.99 to US$44.99
" In Stock""",,,
Super Splashers,https://www.vat19.com/item/super-splashers-water-balloons,Reusable water weapons that refill in seconds!,US$12.99
" In Stock""",,,
DIY Ballista Kit,https://www.vat19.com/item/diy-wooden-ballista-kit,Create your own model of the ancient Roman missile weapon.,US$21.99
" In Stock""",,,
World's Smallest Stretch Armstrong,https://www.vat19.com/item/worlds-smallest-stretch-armstrong,Tiny but mighty gel-filled action hero.,US$9.99
" In Stock""",,,
Air Power Soccer Disc,https://www.vat19.com/item/air-power-soccer-disc,Multi-surface hovering and gliding toy.,US$14.99
" In Stock""",,,
SnoBall Battle Pack,https://www.vat19.com/item/snoball-battle-pack-indoor-fake-snowballs,Create your own faux-snow for year-round snowball fights.,US$7.99
"Sold Out""",,,
Sticky the Boo,https://www.vat19.com/item/sticky-the-boo,"Sticky, squishy glow-in-the-dark toy that looks like a ghost.",US$6.99
" In Stock""",,,
PhiTOP,https://www.vat19.com/item/phitop-spinning-top-egg-shaped,Spinning aluminum top shaped like an egg.,US$19.99
" In Stock""",,,
Goodminton,https://www.vat19.com/item/goodminton-racquet-game,The World's Easiest Racquet Game.,US$12.99
"Sold Out""",,,
Guessing Shock Game,https://www.vat19.com/item/number-guessing-shock-game,Electronic game that shocks the player for wrong answers.,US$29.99
"Sold Out""",,,
Sling Stix,https://www.vat19.com/item/sling-stix,Toss-and-catch suction cup set.,US$16.99
"Sold Out""",,,
Color Change Floof,https://www.vat19.com/item/color-change-floof,Fluffy fidget toy that changes color with heat.,US$13.99
,,,
Comfort Food Squishables,https://www.vat19.com/item/comfort-food-giant-stuffed-animals,Huge huggable plush toys modeled after tasty treats.,US$41.99 to US$44.99
" In Stock""",,,
X-Zylo Night Flight,https://www.vat19.com/item/x-zylo-night-flight,Light-up flying gyroscope sails 600 feet through the air!,US$1.50 to US$10.99
" In Stock""",,,
Marshmallow Shooter,https://www.vat19.com/item/marshmallow-double-shooter-shotgun,Shoot mini-marshmallows up to 30 feet.,US$30.99
" In Stock""",,,
Desktop Curling,https://www.vat19.com/item/desktop-curling,A mini version of the popular ice sport.,US$9.99
" In Stock""",,,
Animal Ball Poppers,https://www.vat19.com/item/poppers-pig-moose-dino-toy,Silly shooting toy with an addictive popping sound.,US$7.99 to US$9.99
" In Stock""",,,
DIY Rubik's Cube Kit,https://www.vat19.com/item/diy-rubiks-cube-kit-build-it-solve-it,Make your own combination puzzle and solve it too!,US$10.74
" In Stock""",,,
Foam Axe Throwing Game,https://www.vat19.com/item/foam-axe-throwing-game,A toy version of the popular lumberjack game.,US$23.99
"Sold Out""",,,
Jammer,https://www.vat19.com/item/jammer-wooden-fidget-trick-toy,Wooden fidget toy used for tricks.,US$6.99
"Sold Out""",,,
SCRABBLE Refrigerator Tiles,https://www.vat19.com/item/scrabble-magnetic-refrigerator-tiles,Set of over 100 SCRABBLE® magnetic tiles.,US$11.99
"Sold Out""",,,
Lollipopter,https://www.vat19.com/item/lollipopter-kinetic-sculpture,Playful desk art that changes shape with a twirl.,US$24.99
" In Stock""",,,
Mini Desktop Boxing,https://www.vat19.com/item/mini-desktop-boxing,KO stress with a mini boxing bag and gloves.,US$9.95
" In Stock""",,,
Twiddle Mega,https://www.vat19.com/item/twiddle-mega-toy,"Fidget, shape, and sculpt!",US$13.99
" In Stock""",,,
Puffy Panda Bank,https://www.vat19.com/item/puffy-panda-bank-animatronic-motorized,Motorized coin-collecting bank with a panda bear.,US$19.99
" In Stock""",,,
Mini Squishables,https://www.vat19.com/item/mini-squishables-stuffed-animals,"Round, plump, and adorable Squishables in a smaller size.",US$19.99
" In Stock""",,,
Specdrums,https://www.vat19.com/item/specdrums-rings-make-music,"Silicone rings that translate color into any sound, loop, or beat!",US$99.99
"Sold Out""",,,
World's Smallest Sock Monkey,https://www.vat19.com/item/worlds-smallest-sock-monkey,Tiny version of the classic stuffed animal.,US$6.99
" In Stock""",,,
Sticky the Unicorn Poo,https://www.vat19.com/item/sticky-the-unicorn-poo,"Sticky, squishy toy that looks like a  took a big .",US$6.99
" In Stock""",,,
World’s Smallest Rubik’s Cube,https://www.vat19.com/item/worlds-smallest-rubiks-cube,Miniature and fully functional version of the classic brain teaser.,US$7.99
" In Stock""",,,
Squigz,https://www.vat19.com/item/squigz-suction-cup-toys,Suction cup construction sets.,US$24.99 to US$47.99
" In Stock""",,,
Mighty Beanz,https://www.vat19.com/item/mighty-beanz-collectibles,"Collectible toys that roll, flip, and more!",US$10.99
" In Stock""",,,
Tiny Rock ’Em Sock ’Em Robots,https://www.vat19.com/item/worlds-smallest-rock-em-sock-em-robots,The classic toy in a mini form that really fights!,US$7.99
" In Stock""",,,
World's Smallest Crocodile Dentist,https://www.vat19.com/item/worlds-smallest-crocodile-dentist,A tiny version of the popular '90s toy that really works!,US$6.99
" In Stock""",,,
Catchoo 3.0,https://www.vat19.com/item/catchoo-2-ball-game,Pick-up game with Velcro ball targets and a fun elastic grabber.,US$28.99
"Sold Out""",,,
World’s Smallest Etch A Sketch,https://www.vat19.com/item/worlds-smallest-etch-a-sketch,A working mini model of the classic drawing toy.,US$6.99
" In Stock""",,,
Treasure X,https://www.vat19.com/item/treasure-x,Unearth your own buried treasure!,US$12.99
" In Stock""",,,
Toaster Tart Squishable,https://www.vat19.com/item/toaster-tart-squishable-stuffed-animal,A super-soft plush breakfast treat.,US$37.99
" In Stock""",,,
World's Smallest Care Bears,https://www.vat19.com/item/worlds-smallest-care-bears,Tiny versions of the classic teddy bear troupe.,US$6.99
" In Stock""",,,
Mini Squigz,https://www.vat19.com/item/mini-squigz-suction-construction,Miniature suction cup construction set.,US$19.99
" In Stock""",,,
Farts in a Jar,https://www.vat19.com/item/farts-in-a-jar,A collection of gassy sound effects that doesn't stink.,US$12.99
" In Stock""",,,
Cuddle Clones,https://www.vat19.com/item/cuddle-clones-stuffed-animal-pets,Get a realistic stuffed animal made of your pet!,US$249.00
,,,
Voli Racket Game,https://www.vat19.com/item/waboba-voli-mitten-paddle-game,Outdoor game with wearable racquets!,US$22.99
"Sold Out""",,,
Play Dirt,https://www.vat19.com/item/play-dirt-kinetic-sand,Fun fake dirt that stays clean!,US$24.99
" In Stock""",,,
Hypnogizmo,https://www.vat19.com/item/hypnogizmo-spinning-fidget-toy,A whirling toy with mesmerizing patterns.,US$29.99
" In Stock""",,,
Train in a Tin,https://www.vat19.com/item/train-in-a-tin-mini-train-set,Ultra-compact toy train set.,US$19.99
" In Stock""",,,
Carnival Cookies Plush,https://www.vat19.com/item/carnival-cookies-plush,A soft bag full of plush frosted animal cookies!,US$49.99
"Sold Out (More Dec. 13)""",,,
Magination Toolset,https://www.vat19.com/item/magination-toolset-magnetic-toolkit-toy,Magnetic toolkit for scientific exploration and creative play.,US$84.99 to US$99.99
"Sold Out""",,,
Unicorn Ball Popper,https://www.vat19.com/item/unicorn-ball-popper,Unicorn-shaped foam ball shooter that pops!,US$9.99
" In Stock""",,,
Waboba Ball,https://www.vat19.com/item/waboba-ball-bounces-on-water,The amazing ball that bounces on water.,US$8.99
" In Stock""",,,
ToyBoarders Skateboarders,https://www.vat19.com/item/toy-boarders-skateboard-figurines,A bucket of Army Man-style skateboarder figurines.,US$12.99
" In Stock""",,,
Pug Popper,https://www.vat19.com/item/pug-popper-toy,A pooch that shoots balls up to 20 feet!,US$9.99
"Sold Out""",,,
Penguin Pop!,https://www.vat19.com/item/penguin-pop-paper-penguin-pop-up-craft-kit,Make your own amazing paper pop-up toy!,US$9.99
" In Stock""",,,
Treasure X Aliens,https://www.vat19.com/item/treasure-x-aliens,Dissect a slimy alien to find real treasure!,US$14.99
"Sold Out""",,,
World’s Smallest Gumby & Pokey,https://www.vat19.com/item/worlds-smallest-gumby-and-pokey,Tiny figurines that actually bend!,US$5.99
" In Stock""",,,
Giant Squid Eggs,https://www.vat19.com/item/giant-squid-eggs,Large squishy orbs that grow in water!,US$7.99
" In Stock""",,,
World's Smallest My Little Pony,https://www.vat19.com/item/worlds-smallest-my-little-pony,"Adorable, tiny figurines from the popular franchise.",US$6.99
" In Stock""",,,
Droid Inventor Kit,https://www.vat19.com/item/r2d2-star-wars-droid-inventor-kit,Create your own Star Wars Droid™ with LittleBits technology.,US$70.99
,,,
Juice Box Plush,https://www.vat19.com/item/juice-box-plush-stuffed-animal,A pillowy toy with a removable straw.,US$14.99
"Sold Out (More Dec. 13)""",,,
Balloon Balls,https://www.vat19.com/item/balloon-balls,Heavy-duty inflatable animals.,US$3.99
,,,
Meteor Monsters,https://www.vat19.com/item/meteor-monsters,Collectible surprise toys that emerge from moldable dough inside a meteor shell.,US$9.99
" In Stock""",,,
Desktop Magnetic Dart Game,https://www.vat19.com/item/desktop-magnetic-dart-game,Portable metal dartboard with magnet-tipped darts.,US$35.99
"Sold Out""",,,
World's Smallest Hot Wheels,https://www.vat19.com/item/worlds-smallest-hot-wheels,Diecast Hot Wheels even smaller than the originals.,US$6.99
" In Stock""",,,
Pencil Slingshot,https://www.vat19.com/item/penpow-pencil-slingshot,Attachable pencil clip for springing spitballs.,US$6.99
" In Stock""",,,
Skid Shot TP Blaster,https://www.vat19.com/item/skid-shot-30-tp-blaster,Spitball shooter with toilet paper ammo.,US$24.99
"Sold Out""",,,
Giant Bead Stress Ball,https://www.vat19.com/item/giant-bead-stress-ball,A giant stress-relief toy filled with squishy beads.,US$19.99
" In Stock""",,,
Insta Snow Powder,https://www.vat19.com/item/instasnow,Add water to make snow!,US$9.99
"Sold Out""",,,
Crayon Clay,https://www.vat19.com/item/crayon-clay,Sculpt your own crayons!,US$14.99
" In Stock""",,,
Star Wars 3D Models,https://www.vat19.com/item/star-wars-metal-earth-3d-models,Officially licensed 3D Metal Model kits.,US$14.99
"Sold Out""",,,
TrueBalance Cobra,https://www.vat19.com/item/truebalance-cobra-balancing-toy,Can you balance the swiveling discs?,US$24.99
" In Stock""",,,
Bubble Trick Pack,https://www.vat19.com/item/slick-trick-bubble-trick-pack,Tools and tips to teach you how to blow amazing bubble creations.,US$17.99
"Sold Out""",,,
Pinblock Freestyle,https://www.vat19.com/item/pinblock-freestyle-connector-toy,Unique interlocking construction toy system.,US$44.99
"Sold Out (More Dec. 13)""",,,
The Original Stretch Armstrong,https://www.vat19.com/item/the-original-stretch-armstrong,A gel-filled action figure that stretches 4x his size!,US$24.99
,,,
Electronic Arcade Speedball,https://www.vat19.com/item/electronic-arcade-speedball-home-version,Desktop skill game with ball bearings.,US$63.50
,,,
Blobfish Keychain,https://www.vat19.com/item/blobfish-keychain,Plush blobfish on a clip.,US$8.99
"Sold Out (More Dec. 13)""",,,
Zeebeez Jumping Toy,https://www.vat19.com/item/zeebeez-jumping-toy,A pop-up toy that jumps up to six feet high.,US$4.99
"Sold Out""",,,
Prairie Dog Finger Puppet,https://www.vat19.com/item/prairie-dogs-finger-puppets,Adorable finger puppet styled after a Prairie Dog.,US$2.50
" In Stock""",,,
Plush French Fries,https://www.vat19.com/item/plush-french-fries-removable,Super-sized stuffed french fry box with five potato sticks.,US$29.99
"Sold Out (More Dec. 13)""",,,
Magnaflex,https://www.vat19.com/item/magnaflex,A flexible magnetic construction set.,US$24.99
" In Stock""",,,
Money Origami Set,https://www.vat19.com/item/money-origami-set-book-dvd,Learn to create 21 origami projects utilizing only dollar bills.,US$10.95
,,,
R/C Wooden Dinosaurs,https://www.vat19.com/item/remote-control-wooden-dinosaurs,Build your own robotic dinosaur!,US$25.99 to US$39.99
,,,
Yeti Stuffed Animal,https://www.vat19.com/item/yulli-yeti-large-stuffed-animal,Giant plush mountain Yeti.,US$69.99
"Sold Out""",,,
Giant Chalk Bomb,https://www.vat19.com/item/giant-chalk-bombs,An oversized hand-held projectile full of colored chalk powder!,US$9.99
" In Stock""",,,
Solar System Marbles,https://www.vat19.com/item/solar-system-marbles-set,Collectible set of solar objects formed in glass.,US$6.99
"Sold Out (More Dec. 13)""",,,
Marshmallow Bow and Mallow,https://www.vat19.com/item/marshmallow-bow-mallow,Bow and arrow toy shoots marshmallows up to 30 feet.,US$24.99
"Sold Out (More Dec. 13)""",,,
DIY Marble Maze,https://www.vat19.com/item/design-your-own-marble-maze-virtual-reality,Create a labyrinth and run it on a tilt board or in VR.,US$59.99
,,,
Geomatrix,https://www.vat19.com/item/geomatrix-magnetic-building-blocks,Magnetically-connecting building blocks.,US$19.99
" In Stock""",,,
Mr. Rogers Dress-Up Magnets,https://www.vat19.com/item/mister-rogers-dress-up-magnets,Won’t you be my fridge neighbor?,US$13.99
,,,
Daisy Derringer Twin Shooter,https://www.vat19.com/item/daisy-derringer-twin-shooter-rubberband-gun,Make your own pocket-sized rubber band pistol.,US$2.99 to US$12.99
" In Stock""",,,
Jumbo Rainbow Coil Spring,https://www.vat19.com/item/jumbo-rainbow-coil-spring,An enormous coil spring that stretches up to twenty feet!,US$41.99
" In Stock""",,,
